视频标题,UP主,播放量,弹幕数,点赞数
【毕导】这是什么妖术？酒在坛子里是绿色，舀出来瞬间变红！,毕导,4395482.0,12138,223706.0
《战术小队：破晓攻势》首曝PV | 全体都有，准备战斗！,战术小队破晓攻势,5356335.0,1466,67502.0
猫Meme Vs 中文,混混小喵,,392,93878.0
竟然是残疾制造机舟山眼镜蛇！,ZGL蛇语者,679831.0,1418,27210.0
云水分飞 | 燕云十六声特别舞蹈合作【韩真 周莉亚 孟庆旸 张翰 】,燕云十六声官方,764853.0,244,7213.0
世界是个巨大的三角洲！！！,超级蓝狼狼,728539.0,1376,
穿衣是你的自由，但是这里是南京啊！南京保卫战的绝唱！AI短片《南京！南京！》,QQ软糖丫,215666.0,514,31315.0
线下专访敖厂长：那些事，他终于开口了,敖厂长,1005716.0,8810,32479.0
“一日三善”纯手绘21小时，600多帧布面油彩。,陈冒火,1083362.0,778,133637.0
花30天用巧克力手搓《清明上河图》,范苏木,3238359.0,10866,349483.0
【千万不要买】让巨人也有看IMAX的权利！雷鸟GT MAX会是下一代电影院吗？,千万不要买,273427.0,216,5513.0
地牢酒馆-11集 《来自平原的家伙》,粘土工厂,1121777.0,2328,150225.0
神会被雪藏，但不会被磨灭,赖神无所畏惧,1574395.0,790,40313.0
抽象新闻：5月人类迷惑行为大赏（中）,我是M菌,646234.0,2079,21459.0
好家伙！这位“李白”家在唐山，“00后”青年扮演李白火爆出圈,新华社,796226.0,169,64538.0
循环歌单|【lucky】|“【真男人の小曲】”,蛋某人音乐,2511953.0,145,111063.0
aespa《LEMONADE》MV,SMTOWN,1363361.0,21814,108209.0
当我用这个超火的创意拍弥海砂……,五条海梦_六边形版,1657873.0,124,170770.0
《崩坏：星穹铁道》千冶•刃角色PV——「灭度」,崩坏星穹铁道,2180891.0,17543,172952.0
《阿凡强》买瓜记,猫屎花生,2455420.0,2723,187648.0
塑造最成功的配角！真的有比男主更让人难忘的男二吗？,The梁某人,479530.0,1207,33883.0
无工具上半身训练,维亚德,1000167.0,132,63978.0
【干货】高考和漫展时间冲突，应该参加哪个？,闪电侠-flash,1280717.0,4382,134530.0
让我赔了？,正一猫居士,927025.0,292,84194.0
【无聊的开箱】百万UP主下海拍片！竟是为了测试一副耳机？！,无聊的开箱,248717.0,275,6591.0
《中情局的困惑：为了成为线人的他不择手段！》【硬核狠人90】,小约翰可汗,1481436.0,12364,104969.0
替身使者会相互吸引,-三三三元,1993521.0,285,201774.0
全世界笑点下降1000倍而我不变,逗比的雀巢,10975616.0,23316,839148.0
我是律师，请用当事人的语气让我破防15.0,小草律师呀,949013.0,338,62850.0
GG Bond的五年真心却换来了背叛！（完整版）,肥鸡煲,791981.0,686,39072.0
我们做了个神奇外卖柜...,老师好我叫何同学,525674.0,1664,95367.0
🍎读评论Q&A，但是苹果小人儿！,RingoTsuga津贺林吾,1261588.0,1742,115359.0
彩铅手绘 《黑袍纠察队》祖国人,叶无趣,1830417.0,1308,128377.0
根据真实事件不改编,七颗猩猩QKXX,591015.0,343,36309.0
【费城教父原创频道】新晋贵公子，出手阔绰,费城泥兄,461969.0,231,42277.0
雇佣商k公主去撩前女友的现男友,183的冯予希律师,257515.0,1459,17170.0
《灵光一闪》,柯洁,4347351.0,6684,129689.0
我把隔壁牧场的小哥哥拿下了！哈哈哈哈哈哈哈,阿树是牧n代,200069.0,398,38809.0
《底层代码の威力》,伤心欲茄222,2935210.0,791,202285.0
250年美国历史最250的钞票来了！,波士顿圆脸,549321.0,3200,33082.0
我的世界：每次攻击，一切生物都会受到伤害！,小橙子姐姐解说,505144.0,892,26291.0
大胖媳妇治病治错了,张踩铃,497072.0,465,29111.0
截肢，钻孔，烫头，原始人的妆造有多硬核,芳斯塔芙,450701.0,2250,33234.0
第137集:全网最硬核的吃播,漫谈DEEP,1847470.0,722,97056.0
《望月》实机跑图预告丨线下试玩会招募开启！,望月游戏,1856671.0,1781,73074.0
【哈基派】打完手都在抖的残局😭👊,暖暖゛,333265.0,647,20854.0
君的名（纯享版）,麦克阿瑟MacArthur,751116.0,368,66399.0
挑战3小时拍摄一部豪门反转短剧！太狗血了！！！,雨哥到处跑,2378639.0,8674,115002.0
一口气上十天课再休息四天的大山深处乡村小学，这里的孩子从不抱怨时间和环境，他们值得拥有更好的。,superB太,895549.0,963,109657.0
［官方投稿］cult　ft.重音テト,花生p_official,194965.0,5678,42044.0
